base,en
home,Home
my_studies,My studies
my_subsets,My subsets
dataset,Dataset
data,Data
load_data,Load data
data_model,Data model
tabs,Tabs
whats_a_tab,What is a tab?
add_a_tab,Add a tab
widgets,Widgets
whats_a_widget,What is a widget?
add_a_widget,Add a widget
get_started,Get started
patient_lvl_or_aggregated_data,Patient-level or aggregated data 
tutorials,Tutorials
resources,Resources
dev,Dev
individual,Patient-level
patient_level_data,Patient-level data
patient_lvl_data,Patient-level data
aggregated_data,Aggregated data
aggregated,Aggregated
exclusion_reason,Exclusion reason
no_study_available,No study available
no_subset_available,No subset available
no_person_in_subset,No patient in this subset
no_stay_available,No stay available
years,years
months,months
age,Age
gender,Gender
undefined,Undefined
included,Included
excluded,Excluded
unit,Unit
hosp_unit,Unit
from,From
to,To
general_settings,General settings
settings,Settings
app_database,App database
database,Database
database_short,DB
app_version,App version
connection,Connection
session,Session
session_starts,Session starts
session_ends,Session ends
test_connection,Test connection
users,Users
data_management,Data management
patient,Patient
patients,Patients
person,Patient
persons,Patients
stay,Stay
visit_detail,Stay
patient_status,Patient status
r_console,R console
python_console,Python console
subset,Subset
study,Study
run_code,Run code
category,Category
categories,Categories
conversions,Conversions
choose_a_damatart_left_side,Choose a dataset from the dropdown on the left side of the screen
choose_a_study_left_side,Choose a study from the dropdown on the left side of the screen
choose_study_and_dataset_left_side,Choose a dataset and a study from the dropdown on the left side of the screen
save,Save
reload_cache,Reload cache
in_progress,In progress
values,Values
numeric_values,Numeric values
rate,Rate
amount,Amount
display_name,Display name
concept_id,Concept ID
concept_id_1,Concept 1 ID
concept_id_2,Concept 2 ID
mapped_concept_id,Mapped concept ID
reset,Reset
all_plugins,All plugins
all_scripts,All scripts
all_studies,All studies
create_plugin,Create a plugin
plugins_management,Plugins management
edit_plugin_code,Edit plugin code
plugin_options,Plugin options
import_plugin,Import a plugin
import_dataset,Import a dataset
import_project,Import a project
import_plugins,Import plugins
export_plugin,Export a plugin
export_project,Export a project
export_selected_plugins,Export plugins
export_plugins,Export plugins
import_data_cleaning_script,Import a data cleaning script
import_scripts,Import scripts
import_studies,Import studies
export_data_cleaning_script,Export a data cleaning script
export_selected_scripts,Export scripts
export_scripts,Export scripts
export_studies,Export studies
export_plugins_remote_git,Export on remote git
import_and_export_plugins,Import and export plugins
import_and_export_scripts,Import and export scripts
on_remote_git_repo,On remote git repository
remote_git_repo,Remote git repository
remote_git_repos,Remote git repositories
git_repos,Git repositories
git_repo,Git repository
local_plugins,Local plugins
local_plugins_short,Local
plugin,Plugin
add,Add
add_widget,Add widget
group_id,Group ID
ui,UI
server,Server
editor,Editor
hide_editor,Hide editor
grant_access_to,Grant access to
everybody,Everybody
everybody_who_has_access_to_dataset,Everybody who has access to study's dataset
choose_users,Select users
some_users,Some users
choose_zip_file,Choose a ZIP file
zip,ZIP
choose_csv_files,Choose CSV files
csv,CSV
choose_files,Choose files
loaded_file,Loaded file
loaded_files,Loaded files
plugins_patient_lvl,Plugins - Patient-level data
plugins_aggregated,Plugins - Aggregated data
scripts_management,Scripts management
create_script,Create a script
edit_script_code,Edit script code
script_options,Script options
concept,Concept
concepts,Concepts
accesses_opts,Manage accesses
select_all,Select all
unselect_all,Unselect all
add_new_user,Add a new user
users_mngmt,Users management
add_access,Add a new access
accesses_mngmt,Accesses management
add_status,Add a new status
add_user,Add a user
username,Username
firstname,First name
lastname,Last name
user_access,User access
user_status,User status
statuses_mngmt,Statuses management
name,Name
create_study,Create a study
studies_management,Studies management
import_study,Import a study
export_study,Export a study
dataset_options,Dataset options
vocabulary_options,Vocabulary options
create_data_source,Create a data source
data_sources_management,Data sources management
concepts_mapping,Concepts mapping
mapping,Mapping
vocabularies_management,Vocabularies management
show_only_used_concepts,Show only used concepts
create_dataset,Create a dataset
create_data_cleaning_script,Create a script for data cleaning
create_vocabulary,Create a vocabulary
datasets_management,Datasets management
messages,Messages
study_options,Study options
overview,Overview
news,News
import_excel_file,Import Excel file
import_csv_file,Import CSV file
connect_to_database,Connect to a database
version,Version
versions,Versions
change_password,Change password
new_passwords_are_not_the_same,The new passwords are not the same
old_password,Old password
new_password,New password
invalid_old_password,Invalid old password
password_changed,Password successfully changed
id,ID
close,Close
description,Description
short_description,Short description
creator,Creator
datetime,Date & time
deleted,Deleted
modified,Modified
action,Action
script,Script
dt_previous,Previous
dt_next,Next
dt_search ,Search : 
dt_entries,Show _MENU_ lines
dt_empty,No data available
no_data_available,No data available
deleted_user,Deleted user
choose_dataset_scripts,Configure dataset
unauthorized_access_page,Unauthorized access to this page
unauthorized_access_area,Unauthorized access to this area
change_password_card,Change password
app_db,App database
app_db_long,Application database
connection_type,Connection type
db_connection_infos_card,Set up
db_datatable_card,Tables
db_request_card,Request
db_save_long,Export database
db_save_card,Export database
db_save_and_restore_card,Export or restore database
db_export_and_restore,Export / restore
database_structure,Database structure
db_restore_long,Restore database
db_restore_card,Restore database
connection_infos,Connection informations
connection_settings,Connection settings
app_db_request,Request database
app_db_request_long,Request database
request,Request
app_db_tables,Database tables
app_db_tables_long,Database tables
db_connexion_type,Connection type
local,Local
local_plural,Local
local_db_connection,Local connection
distant,Distant
remote,Remote
remote_db_connection,Remote connection
dbname,Database name
main_db_name,Main database name
main_db,Main database
public_db_name,Public database name
public_db,Public database
host,Host
port,Port
user,User
password,Password
export_db,Export database
import_db,Import database
db_export_log,Export log
db_import_log,Import log
restore_db,Restore database
table_name,Table name
row_number,Rows count
last_db_save,Last save
current_db,Current database
last_db_restore,Last restore
users_delete,Delete users
users_delete_subtext,Do you want to delete this or these user(s)?
user_deleted,User deleted
users_statuses_delete,Delete users statuses
users_statuses_delete_subtext,Do you want to delete this or these user's status(es)?
user_status_deleted,User status deleted
users_accesses_delete,Delete users accesses
users_accesses_delete_subtext,Do you want to delete this or these user's access(es)?
user_access_deleted,User access deleted
users_delete_data,Delete users, accesses or statuses
users_creation_card,Create a user
users_creation,Create a user
users_management_card,Manage users
users_management,Users management
users_accesses,Users accesses
users_accesses_creation_card,Create user access
users_accesses_management_card,Users accesses
users_accesses_management,Users accesses
users_accesses_options_card,Configure users accesses
users_statuses,Users statuses
users_statuses_creation_card,Create user status
users_statuses_management_card,Users statuses
users_statuses_management,Users statuses
r_console_edit_code_card,Accesses to R console
data_sources,Data sources
data_sources_see_all_data,Access to all data
data_sources_edit_data,Edit a data source
data_sources_delete_data,Delete a data source
data_sources_creation_card,Create a data source
data_sources_datatable_card,Data sources management
datasets,Datasets
datasets_see_all_data,Access to all data
datasets_edit_data,Edit a dataset
datasets_delete_data,Delete a dataset
datasets_creation_card,Create a dataset
datasets_datatable_card,Datasets management
datasets_options_card,Edit dataset options
datasets_edit_code_card,Edit dataset code
studies,Studies
studies_edit_data,Edit a study
studies_see_all_data,Access to all data
studies_delete_data,Delete a study
study_messages,Study messages
study_messages_card,Access to study messages
studies_creation_card,Create a study
study_options_card,Edit study options
studies_datatable_card,Studies management
import_study_card,Import a study
export_study_card,Export a study
subsets,Subsets
subsets_see_all_data,Access to all data
subsets_edit_data,Edit a subset
subsets_delete_data,Delete a subset
subsets_creation_card,Create a subset
subsets_datatable_card,Subsets management
subsets_edit_code_card,Edit subset code
plugins,Plugins
patient_lvl_plugin,Patient-level data plugin
patient_lvl_plugins,Patient-level data plugins
aggregated_plugin,Aggregated data plugin
aggregated_plugins,Aggregated data plugins
patient_lvl_or_aggregated_plugin,Patient-level or aggregated data plugin
patient_lvl_or_aggregated_plugins,Patient-level or aggregated data plugins
all_plugins_card,Access to plugins catalog
all_scripts_card,All scripts
all_datasets_card,All datasets
all_vocabularies_card,All vocabularies
plugins_see_all_data,Access to all data
plugins_edit_data,Edit a plugin
plugins_delete_data,Delete a plugin
plugins_creation_card,Create a plugin
plugins_datatable_card,Edit a plugin
plugins_options_card,Edit plugin options
plugins_edit_code_card,Edit plugin code
import_plugin_card,Import a plugin
export_plugin_card,Export a plugin
scripts,Scripts
dataset_scripts_card,Dataset scripts configuration
scripts_datatable_card,Scripts management
scripts_see_all_data,Access to all data
scripts_creation_card,Create a script
scripts_edit_code_card,Edit script code
scripts_options_card,Edit script options
log,Log
all_users,Access to all users log
only_me,Access to current account log only
available_scripts,Available scripts
selected_scripts,Selected scripts
provide_valid_name,Please provide a valid name
provide_valid_value,Please provide a valid value
provide_valid_repo_url_address,Please provide a valid URL address
provide_valid_raw_files_url_address,Please provide a valid URL address
provide_valid_study_name,Please provide a valid name
provide_valid_subset_name,Please provide a valid name
provide_valid_script_name,Nom valide requis
provide_valid_plugin_name,Please provide a valid name
provide_valid_username,Please provide a valid username
provide_valid_firstname,Please provide a valid first name
provide_valid_lastname,Please provide a valid last name
provide_valid_user_access,Please choose a user access
provide_valid_user_status,Please choose a status
provide_valid_main_db_name,Please provide a valid name
provide_valid_public_db_name,Please provide a valid name
provide_valid_description,Please provide a valid description
provide_valid_data_source,Please select a data source
provide_valid_user,Please provide a valid username
provide_valid_host,Please provide a valid host
provide_valid_port,Please provide a valid port (eg : 5432)
provide_valid_password,Please provide a valid password
provide_valid_object,Please provide a valid object
provide_valid_vocabulary_id,Please provide a valid ID
provide_valid_vocabulary_name,Please provide a valid name
provide_valid_api_key,Please provide a valid API key
provide_valid_commit_message,Please provide a valid commit message
insert_new_data,Insert new data
sql_query,SQL query
subset_all_patients,All patients
subset_all_patients_long,Subset containing all patients
subset_included_patients,Included patients
subset_included_patients_long,Subset containing only included patients
subset_excluded_patients,Excluded patients
subset_excluded_patients_long,Subset containing only excluded patients
name_already_used,This name is already used
firstname_and_lastname_already_used,This identity is already used
vocabulary_id_already_used,This ID is already used
username_already_used,This username is already used
dropdown_empty,At least one dropdown is empty
data_source_added,New data source added
dataset_added,New dataset added
data_cleaning_added,New data cleaning script added
study_added,New study added
subset_added,New subset added
script_added,New script added
script_updated,Script updated
script_imported,Script imported
study_updated,Study updated
study_imported,Study imported
dataset_updated,Dataset updated
dataset_imported,Dataset imported
vocabulary_updated,Vocabulary updated
vocabulary_imported,Vocabulary imported
vocabulary_added,New vocabulary added
user_added,New user added
user_access_added,New user access added
user_status_added,New user status added
git_repo_added,New remote git repository added
delete,Delete
dont_delete,Cancel
scripts_delete,Delete a script
scripts_delete_subtext,Confirm deletion of this script?
import_dataset_success,Dataset successfully loaded
script_deleted,Script(s) deleted
modif_saved,Updates saved
console,Console
table,Table
output,Output
script_description,Script description
run_scripts_success,Scripts successfully executed
fail_load_dataset,Failed loading dataset
fail_load_vocabulary,Failed loading vocabulary
fail_load_vocabulary_code,Failed loading vocabulary code
fail_load_scripts,Failed loading scripts
invalid_col_names,Invalid column names
invalid_col_types,Invalid column types
error_get_actual_primary_keys,Error get vocabulary's primary keys
type_must_be_integer,type must be integer
type_must_be_character,type must be character
type_must_be_numeric,type must be numeric
type_must_be_date,type must be date
type_must_be_datetime,type must be datetime
omop_version_must_be_numeric,OMOP version must be numeric
no_data_to_insert,No data to insert
no_data_to_insert_in_table,No data to insert in table
column,Column
columns,Columns
columns_concepts,Concepts columns
columns_mapped_concepts,Mapped concept columns
import_vocabulary_table_success,Vocabulary table successfully imported
scripts_cache_memory,Cache memory
edit_dataset_code,Edit dataset code
edit_vocabulary_code,Edit vocabulary code
data_source,Data source
data_source_id,Data source ID
show_only_aggregated_data,Show only aggregated data
people_picker,Select users
matching_people,Matching people
num_rows,Rows
num_rows_with_mapping,Rows with mapped concepts
num_rows_current_dataset,Rows in selected dataset
num_datasets,Datasets
num_patients,Patients
concepts_rows,Rows
persons_rows,Persons
plugins_delete,Plugins removal
plugins_delete_subtext,Do you want to delete this or these plugin(s)?
mapping_delete,Mapping removal
mapping_delete_subtext,Do you want to delete this or these mapping(s)?
tab_type,Tab type
last_update,Last update
created_on,Created on
updated_on,Updated on
vocabulary_selected_concepts,Selected concepts
replace_already_existing_plugins,Replace already existing plugins
replace_already_existing_scripts,Replace already existing scripts
replace_already_existing_studies,Replace already existing studies
replace_already_existing_datasets,Replace already existing datasets
replace_already_existing_vocabularies,Replace already existing vocabularies
plugins_to_export,Plugins to export
scripts_to_export,Scripts to export
studies_to_export,Studies to export
datasets_to_export,Datasets to export
vocabularies_to_export,Vocabularies to export
tables_to_export,Tables to export
image_url,Image URL
no_results_found,No results found
french,French
english,English
italian,Italian
spanish,Spanish
description_french,French
description_english,English
author,Author
authors,Authors
author_s,Author(s)
browse,Browse
import_image,Import image
resize_image,Resize image
back,Back
download,Download
load,Load
update,Update
download_plugin,Download plugin
no_plugin_available,No plugin available
plugin_added,New plugin added
unauthorized_action,Unauthorized action
plugins_deleted,Plugin(s) successfully deleted
mapping_deleted,Mapping succesfully deleted
update_plugin,Update plugin
update_plugins,Update plugins
plugin_up_to_date,Plugin up to date
local_plugin_newer,Local plugin is newer
error_install_remote_git_plugin,Error installing a plugin from remote git
error_install_remote_git_data_cleaning,Error installing a data cleaning script from remote git
error_install_remote_git_project,Error installing a project from remote git
error_install_remote_git_dataset,Error installing a dataset from remote git
error_install_remote_git_vocabulary,Error installing a vocabulary from remote git
success_installing_remote_git_plugin,Plugin successfully installed from remote git
choose_remote_git,Choose a remote git repository
success_importing_plugin,Plugin(s) successfully imported
success_importing_script,Script(s) successfully imported
success_importing_project,Project successfully imported
error_importing_plugin,Error importing plugin
error_importing_image,Error importing image
error_importing_file,,Error importing file
error_importing_script,Error importing script
error_importing_project,Error importing project
unique_id,Unique ID
type,Type
refresh,Refresh
delete_selection,Delete selection
imported_plugins,Imported plugins
imported_scripts,Imported scripts
imported_studies,Imported studies
imported_datasets,Imported datasets
image_imported,Image successfully imported
file_imported,File successfully imported
never,Never
same_level_current_tab,Same level of current tab
level_under,Level under
add_tab,Add a tab
add_tab_or_widget,Add a tab or a widget
edit_page,Edit page
quit_edit_page,Quit edit page
edit_a_tab,Edit a tab
invalid_dataset_id_value,Variable dataset_id must be of integer type
invalid_data_folder,Invalid data_folder argument
error_getting_files_from_data_folder,Error getting files from data folder
var_type_not_valid,Variable type is not valid
var_omop_table_not_valid,Variable omop_table is not valid
error_loading_csv,Error loading CSV file
error_loading_csv_files,Error loading CSV files
error_transforming_tibble,Error transforming data to tibble
valid_col_names_are,Column names are not valid.
error_saving_csv,Error saving CSV file
error_saving_parquet,Error saving Parquet file
package_arrow_not_installed,Package arrow is not installed
package_duckdb_not_installed,Package duckdb is not installed
package_sparklyr_not_installed,Package sparklyr is not installed
import_dataset_success_person,Variable person imported with success
import_dataset_success_observation_period,Variable observation_period imported with success
import_dataset_success_visit_occurrence,Variable visit_occurrence imported with success
import_dataset_success_visit_detail,Variable visit_detail imported with success
import_dataset_success_condition_occurrence,Variable condition_occurrence imported with success
import_dataset_success_drug_exposure,Variable drug_exposure imported with success
import_dataset_success_procedure_occurrence,Variable procedure_occurrence imported with success
import_dataset_success_device_exposure,Variable device_exposure imported with success
import_dataset_success_measurement,Variable measurement imported with success
import_dataset_success_observation,Variable observation imported with success
import_dataset_success_death,Variable death imported with success
import_dataset_success_note,Variable note imported with success
import_dataset_success_note_nlp,Variable note_nlp imported with success
import_dataset_success_specimen,Variable specimen imported with success
import_dataset_success_fact_relationship,Variable fact_relationship imported with success
import_dataset_success_location,Variable location imported with success
import_dataset_success_location_history,Variable location_history imported with success
import_dataset_success_care_site,Variable care_site imported with success
import_dataset_success_provider,Variable provider imported with success
import_dataset_success_payer_plan_period,Variable payer_plan_period imported with success
import_dataset_success_cost,Variable patients imported with success
import_dataset_success_drug_era,Variable drug_era imported with success
import_dataset_success_dose_era,Variable dose_era imported with success
import_dataset_success_condition_era,Variable condition_era imported with success
rows,Rows
code,Code
fail_load_code,Failed loading code
fail_execute_code,Failed executing code
fail_execute_dataset_code,Failed executing dataset code
patient_lvl_tab_group,Patient-level data tab group
aggregated_tab_group,Aggregated data tab group
invalid_subset_id_value,Invalid subset_id value
invalid_patients_value,Invalid patients value
error_inserting_data,Error inserting data in database
add_persons_to_subset,Add patients to subset
add_persons_subset_success,Success adding patients to subset
remove_persons_subset_success,Success removing patients from subset
studies_delete,Studies removal
studies_delete_subtext,Do you want to delete this or these study / studies?
studies_deleted,Study / studies successfully deleted
subsets_delete,Subsets removal
subsets_delete_subtext,Do you want to delete this or these subset(s)?
subsets_deleted,Subset(s) successfully deleted
subset_persons_delete,Subset patients removal
subset_persons_delete_subtext,Do you want to delete this or these patient(s)?
subset_persons_deleted,Patient(s) successfully deleted
datasets_delete,Datasets removal
datasets_delete_subtext,Do you want to delete this or these dataset(s)?
datasets_deleted,Dataset(s) successfully deleted
data_sources_delete,Data sources removal
data_sources_delete_subtext,Do you want to delete this or these data source(s)?
data_sources_deleted,Data source(s) successfully deleted
vocabulary_delete,Vocabularies removal
vocabulary_delete_subtext,Do you want to delete this or these vocabulary / vocabularies?
vocabulary_deleted,Vocabulary successfully deleted
yes,Yes
no,No
abbreviation,Abbreviation
name_abbreviation,Name / abbreviation
invalid_table_name,Invalid table name
tables_allowed,Tables allowed
show_plots,Show plots
evaluate,Evaluate
evaluate_and_edit,Evaluate & edit
edit,Edit
vocabulary_1,Vocabulary 1
vocabulary_2,Vocabulary 2
concept_1_is,Concept 1
to_concept_2,concept 2
concept_1_is_to_concept_2,Concept 1 in regard to concept 2
equivalent_to,Is equivalent to
included_in,Is included in
include,Include
colour,Colour
load_some_patient_data_plugin,Load some data before executing plugin's code
patient_id,Patient ID
person_id,Person ID
stay_id,Stay ID
visit_detail_id,Visit detail ID
evaluate_concept_mapping,Evaluate a vocabulary concept mapping
add_concept_mapping,Add a concept mapping
evaluate_and_delete_concepts_mappings,Evaluate and delete concepts mappings
vocabularies_and_concepts,Vocabularies & concepts
whats_a_vocabulary,What's a vocabulary?
whats_a_concept_mapping,What's a concept mapping?
vocabularies_concepts_mapping,Vocabulary concepts mapping
vocabulary_mapping_added,New mapping added
vocabulary_mapping_already_exists,This mapping already exists
checked,Checked
relation,Relation
positive_evals,Positive evals
negative_evals,Negative evals
plus_symbol,+
minus_symbol,-
error_connection_remote_git,Couldn't connect to remote git
error_reading_xml_file,Error reading XML file
user_evaluation_id,User evaluation ID
only_aggregated_data_authorized,Only aggregated data are available for this dataset
remove_tab,Remove tab
edit_tab,Edit tab
new_widget,Add a widget
tabs_delete,Tab removal
tabs_delete_subtext,Do you want to delete this tab?
tab_deleted,Tab removed
tab_added,Tab added
widget_added,Widget added
delete_widget_title,Delete a widget
delete_widget_text,Confirm deletion of this widget?
delete_tab_title,Delete a tab
delete_tab_text,Confirm deletion of this tab?
widget_deleted,Widget removed
tab_contains_sub_tabs,This tab contains sub-tabs. Click again on the tab link to show sub-tabs.
add_tab_has_widgets, Can't add a tab under this tab because it contains at least one widget. Delete these widgets first.
widget_name, Widget name
error_run_plugin_ui_code,Error running plugin's UI code
error_run_plugin_server_code,Error running plugin's server code
positive_evals_short,Pos. evals
negative_evals_short,Neg. evals
all_messages,All messages
new_conversation,New conversation
send,Send
preview,Preview
today,Today
rmarkdown,RMarkdown
new_conversation_added,New conversation added
conversation_id,Conversation ID
conversation_name,Conversation name
object,Object
unread_messages,Unread messages
new_message,New message
new_message_added,New message added
vocabulary_error_append_table,Error adding new vocabulary concepts to database
error_multiple_primary_keys,Some primary keys are duplicated. Remove duplicates before insert vocabulary table.
error_multiple_identical_values,Some values are duplicated. Remove duplicates before insert vocabulary table.
invalid_category,Invalid category
error_duplicate_mappings,Some mappings are duplicated. Remove duplicates before insert vocabulary.
datatable_view,Datatable
tree_view,Tree
fail_load_list_file,Failed loading list file
fail_save_list_file,Failed saving list file
none_masc,None
none_fem,None
unroll_tree,Unroll tree
merge_mapped_concepts,Merge mapped concepts
vocabulary_mapping_same_concepts,A concept cannot be merge with itself (except for 'Maps to')
widget_creation,Add a widget
widget_creation_save,Add widget
widget_settings,Widget settings
widget_settings_save,Save
image,Image
plugin_deleted,Plugin deleted
translations,Translations
error_creating_translations_file,Error creating translations files
error_creating_new_translator,Error creating new translator
delete_this_image,Delete this image
delete_this_file,Delete this file
import_file,Import file
file,File
all_datasets,All datasets
error_deleting_image,Error deleting image
image_deleted,Image deleted
file_delete,Delete a file
file_delete_subtext,Confirm deletion of this file?
plugin_image_delete,Delete an image
plugin_image_delete_subtext,Confirm deletion of this image?
plugin_script_delete,Delete a script
plugin_script_delete_subtext,Confirm deletion of this script?
script_image_delete,Delete an image
script_image_delete_subtext,Confirm deletion of this image?
study_image_delete,Delete an image
study_image_delete_subtext,Confirm deletion of this image?
no_available_plugin,No available plugin
activate_scripts_cache,Activate cash memory
last_cache_load_datetime,Date of last cache load
deleted_script,Deleted script
scripts_loaded_successfully,Scripts loaded successfully
scripts_with_load_failure,Scripts with load failure
create_subset,Create a subset
subset_management,Subset management
subsets_management,Subsets management
edit_subset_code,Edit subset code
sql_lib,SQL library
deleted_data_source,Deleted data source
perf_monitoring,Performances monitoring
to_do_list,To do list
elapsed_time,Elapsed time (sec)
task,Task
datetime_start,Start
datetime_stop,Stop
fail_connect_remote_db,Failed to connect to remote database
success,Success
successfully_connected,Successfully connected
db_restored_reload_app_to_take_into_account_changes,Database successfully restored. You have to restart session to take into account the changes.
modif_names_duplicates,"There are duplicates in the names, please remove duplicates before saving"
error_restoring_database,Error restoring database
error_restoring_database_table,Error restoring database table
error_importing_default_database,Error importing default database
database_restored,Database restored
reload_log,Reload log
value,Value
subset_persons,Subset patients
admin,Admin
admin_access,Admin access
data_scientist,Data scientist
clinician,Clinician
statistician,Statistician
mimic_iv_test_dataset,MIMIC-IV test dataset
mortality_prediction,Mortality prediction
fail_execute_subset_code,Failed executing subset code
error_adding_patients_to_subset,Failed adding patients to subset
name_fr,Name (FR)
name_en,Name (EN)
category_fr,Category (FR)
category_en,Category (EN)
names_empty,At least one name is empty, fill all names before saving
error_removing_patients_from_subset,Error removing patients from subset
help,Help
no_help_for_this_page,No help for this page
create_and_test_a_plugin,Create and test a plugin
create_and_test_a_script,Create and test a script
create_a_plugin,Create a plugin
whats_a_plugin,What is a plugin?
whats_a_script,What is a script?
local_and_remote_plugins,Local & remote plugins
local_and_remote_scripts,Local & remote scripts
access_log,Access the log
change_password_card_user_access_description,Change password of current account
configure_python_card_user_access_description,Configure Python access
db_connection_infos_card_user_access_description,Configure app database connections
db_datatable_card_user_access_description,Access to app database tables list
db_request_card_user_access_description,Request app database
db_save_card_user_access_description,Export app database
db_restore_card_user_access_description,Restore app database
users_creation_card_user_access_description,Create a user
users_management_user_access_description,"Manage users (add, edit and delete)"
users_statuses_management_user_access_description,"Manage users statuses (add, edit and delete)"
users_accesses_management_user_access_description,"Manage users accesses (add, edit and delete)"
users_management_card_user_access_description,Manage users (edit and delete)
users_accesses_management_card_user_access_description,"Manage users accesses (add, edit and delete)"
users_accesses_options_card_user_access_description,Configure users accesses
users_statuses_management_card_user_access_description,"Manage user statuses (add, edit and delete)"
dev_edit_r_code_card_user_access_description,Execute code on R console without data restriction
dev_edit_python_code_card_user_access_description,Execute code on Python console
dev_edit_terminal_code_card_user_access_description,Execute code on terminal
dev_perf_monitoring_card_user_access_description,Access to performances monitoring
data_sources_datatable_card_user_access_description,"Manage data sources (add, edit and delete)"
datasets_see_all_data_user_access_description,"Access to all datasets, even if current user is not in authorized users for a dataset"
datasets_datatable_card_user_access_description,"Manage datasets (add, edit and delete)"
datasets_options_card_user_access_description,Edit datasets options
datasets_edit_code_card_user_access_description,Edit datasets code
studies_see_all_data_user_access_description,"Access to all studies, even if current user is not in authorized users for a study"
studies_description_card_user_access_description,Access to studies descriptions
all_studies_card_user_access_description,Access to 'All studies' card
import_study_card_user_access_description,Import studies
export_study_card_user_access_description,Export studies
studies_datatable_card_user_access_description,"Manage studies (add, edit and delete)"
studies_options_card_user_access_description,Edit studies options
subsets_datatable_card_user_access_description,"Manage subsets (add, edit and delete)"
subsets_edit_code_card_user_access_description,Edit subsets code
subsets_persons_card_user_access_description,Manage subset patients (add and remove patients from a subset)
vocabularies_datatable_card_user_access_description,"Manage thesauri (add, edit and delete)"
vocabularies_vocabularies_tables_datatable_card_user_access_description,"Access to vocabulary tables (from the settings page)"
vocabularies_edit_code_card_user_access_description,Edit vocabularies code
vocabularies_options_card_user_access_description,Edit vocabularies options
vocabularies_import_vocabulary_card_user_access_description,Import a vocabulary
vocabularies_export_vocabulary_card_user_access_description,Export a vocabulary
vocabularies_concepts_card_user_access_description,Access to vocabulary concepts (from the tab at the top of the page)
vocabularies_mapping_card_user_access_description,Access to vocabulary concepts mapping
vocabularies_evaluate_mapping_user_access_description,Evaluate mappings
vocabularies_delete_mapping_user_access_description,Delete mappings
study_messages_card_user_access_description,Access to studies conversations
plugins_see_all_data_user_access_description,"Access to all plugins, even if current user is not in authorized users for a plugin"
all_plugins_card_user_access_description,Access to 'All plugins' tab
plugins_datatable_card_user_access_description,"Manage plugins (add, edit and delete)"
plugins_options_card_user_access_description,Edit plugins options
plugins_edit_code_card_user_access_description,Edit plugins code
import_plugin_card_user_access_description,Import plugins
export_plugin_card_user_access_description,Export plugins
scripts_datatable_card_user_access_description,"Manage scripts (add, edit and delete)"
all_scripts_card_user_access_description,Access to 'All scripts' tab
dataset_scripts_card_user_access_description,Configure datasets scripts (which scripts are loaded when a dataset is loaded)
scripts_edit_code_card_user_access_description,Edit scripts code
scripts_options_card_user_access_description,Edit scripts options
import_script_card_user_access_description,Import scripts
export_script_card_user_access_description,Export scripts
all_users_user_access_description,Access to log of all users
only_me_user_access_description,Access the log of the connected user
data_console_user_access_description,Accessing the console from a study
datasets_import_dataset_card_user_access_description,Import datasets
datasets_export_dataset_card_user_access_description,Export datasets
datasets_all_datasets_card_user_access_description,Access to 'All datasets' card
vocabularies_all_vocabularies_card_user_access_description,Access to 'All vocabularies' card
vocabulary_id_col,ID (vocabulary_id)
vocabulary_id,Vocabulary ID
vocabulary_id_1,Vocabulary ID 1
vocabulary_id_2,Vocabulary ID 2
vocabulary_name_col,Name (vocabulary_name)
vocabulary_name,Vocabulary name
vocabulary,Vocabulary
vocabularies,Vocabularies
vocabulary_concepts,Vocabulary concepts
vocabulary_table,Vocabulary table
vocabulary_tables,Vocabulary tables
vocabularies_tables,Vocabularies tables
vocabulary_reference,Vocabulary documentation reference 
vocabulary_version,Vocabulary version
vocabulary_concept_id,Vocabulary concept ID
display_order,Display order
import_vocabulary,Import a vocabulary
export_vocabulary,Export a vocabulary
export_concepts,Export concepts
import_concepts,Import concepts
import_concepts_or_vocabularies,Import concepts or vocabularies
import,Import
export,Export
imported_vocabularies,Imported vocabularies
imported_data,Imported data
invalid_vocabulary_table,Invalid vocabulary table
vocabularies_table_delete,Vocabulary table rows removal
vocabularies_table_delete_subtext,Do you want to delete this or these row(s)?
vocabulary_table_rows_deleted,Rows deleted
vocab_tables_duplicates_cols,Some cols have duplicated values. See help to know which cols do not accept duplicated values.
vocab_tables_empty_cols,Some cols are empty. See help to know which cols do not accept null values.
vocabularies_datatable_show_row_details,Show selected row details
vocabularies_datatable_show_mapped_concepts,Show mapped concepts
show_mapped_concepts,Show mapped concepts
show_only_dataset_vocabs,Show only vocabularies used in this dataset
select_only_one_row_for_details,Select only one row to show row details
load_concept_data_before,Load CONCEPT table before
load_concept_relationship_data_before,Load CONCEPT_RELATIONSHIP data before
error_importing_vocabulary,Error importing vocabulary / vocabularies
error_importing_concepts,Error importing concepts
error_importing_dataset,Error importing dataset
all_vocabularies,All vocabularies
success_importing_vocabulary,Vocabulary / vocabularies successfully imported
success_importing_concepts,Concepts successfully imported
success_importing_dataset,Dataset(s) successfully imported
study_description,Study description
studies_description_card,Study description
error_loading_plugins_xml_file,Error loading plugins.xml from remote git
error_loading_home_files,Error loading files for home page
summary,Summary
omop_version,OMOP version
invalid_omop_version,"Invalid OMOP version, valid versions are 5.3, 5.4 & 6.0.",
rows_inserted,Rows inserted
rows_inserted_in_table,rows inserted in table
concept_name,Concept name
concept_name_1,Concept 1 name
concept_name_2,Concept 2 name
mapped_concept_name,Mapped concept name
concept_display_name,Concept display name
concept_display_name_1,Concept 1 display name
concept_display_name_2,Concept 2 display name
mapped_concept_display_name,Mapped concept display name
domain_id,Domain ID
concept_class_id,Concept class ID
standard_concept,Standard concept
concept_code,Concept code
valid_start_date,Valid start date
valid_end_date,Valid end date
invalid_reason,Invalid reason
relationship_id,Relationship ID
dataset_all_concepts_reload_cache,Reload cache
dataset_all_concepts_reload_cache_subtext,Confirm reload of cache memory?
cache_reloaded,Cache reloaded
delete_tab,Delete tab
value_as_number,Value as number
values_as_number,Values as numbers
value_as_concept_id,Value as concept ID
values_as_concept_id,Values as concept IDs
value_as_string,Value as string
values_as_string,Values as strings
quantity,Quantity
quantities,Quantities
title,Title
titles,Titles
text,Text
texts,Texts
proportion,Proportion
no_data_to_show,No data to show
too_many_x_axis_values,Too many values in x axis
maps_to,Maps to (non-std to std)
mapped_from,Mapped from (std to non-std)
is_a,Is a
subsumes,Subsumes
error_calculating_num_rows_concepts_dataset,Error calculating the number of rows per concept in the dataset
show_only_not_mapped_concepts,Non-mapped concepts only
vocabulary_show_only_not_evaluated_concepts,Non-evaluated mapping only
vocabulary_show_mapping_details,Show details of selected mapping
add_git_repo,Add a git repository
create_git_repo,Add a git repository
git_repos_management,Repositories management
git_repo_options,Repository options
git_repos_see_all_data_user_access_description,See all repositories
git_add_repo_card_user_access_description,Add a repository
git_repos_management_card_user_access_description,Manage repositories (edit and delete)
git_repo_options_card_user_access_description,Edit repository options
git_edit_repo_card_user_access_description,Edit a repository (commit & push files)
link,Link
url_address,URL address
repo_url_address,Repo URL address
raw_files_url_address,Raw files URL address
git_repos_delete,Delete git repo
git_repos_delete_subtext,Do you want to delete this repo?
git_repo_deleted,Git repository deleted
all_categories,All categories
show_data,Show data
hide_concepts_datatables,Hide datatables
study_delete_conversation_title,Delete a conversation
study_delete_conversation_subtext,Do you want to delete this conversation?
study_delete_message_title,Delete a message
study_delete_message_subtext,Do you want to delete this message?
deleted_message,Deleted message
fail_load_message,Failed loading a message
fail_load_message_show_raw_message,"Failed loading the message, display of raw message."
main_tables_to_export,Main tables
public_tables_to_export,Public tables
main_tables_to_import,Main tables
public_tables_to_import,Public tables
error_downloading_tabs_and_cards_csv_file,Error downloading tabs_and_cards.csv
error_loading_tabs_and_cards_csv_file,Error loading tabs_and_cards.csv
invalid_vocabulary_id_value,Invalid vocabulary_id value
invalid_concept_name_value,Invalid concept_name value
invalid_domain_id_value,Invalid domain_id value
invalid_concept_class_id_value,Invalid concept_class_id value
invalid_concept_code_value,Invalid concept_code value
vocabulary_concept_already_exists,This concept already exists in the database
vocabulary_concept_added,New concept successfully added
vocabulary_id_doesnt_exist,This vocabulary_id doesn't exist in database
invalid_method_value,Invalid method value
invalid_concept_id_value,Invalid concept_id value
concept_not_found,Concept not found
error_loading_script_description,Error loading script description
error_loading_dataset_description,Error loading dataset description
error_loading_vocabulary_description,Error loading vocabulary description
access_to_data,Access to data
scripts_and_plugins,Scripts & plugins
comment,Comment
error_exporting_db,Error exporting database
imported_image_must_be_png_svg_or_jpg,"Imported image must be a PNG, a SVG or a JPG file"
exported_image_must_be_png_svg_or_jpg,"Exported image must be a PNG, a SVG or a JPG file file"
input_image_doesnt_exist,Input image doesn't exist
error,Error
show_imported_data,Show imported data
dataset_invalid_save_as,"Invalid value for 'save as' argument. Accepted values are: 'none', 'csv' et 'parquet'."
dataset_invalid-rewrite,Invalid value for 'rewrite' argument. Accepted values are TRUE or FALSE.
dataset_invalid_read_with,"Invalid value for 'read_with' argument. Accepted values are : 'none', 'vroom', 'duckdb', 'spark'."
dataset_invalid_data_source,Invalid value for 'source'
dataset_error_with_db_connection,Failed to connect to database
wrong_association_read_with_and_save_as,The association between 'read_with' and 'save_as' arguments is not valid
error_loading_duckdb,Error loading data with duckdb
error_loading_sparklyr,Error loading data with sparklyr
language,Language
programming_language,Language
with_map,With map
with_url,With URL
show_description,Show description
selected_repo,Selected git repository
error_loading_git_readme,Error loading git repo description
error_loading_git_infos,Error loading git repo informations
api_key,API key
git_repo_already_in_db,This git repository has already been added
error_downloading_git_repos_csv,Error downloading git repos CSV file
error_loading_git_repos_csv,Error loading git repos CSV file
error_loading_git_repo,Error loading git repo
error_loading_category_xml_file,Error loading selected repo category XML file
edit_git_repo,Edit git repo
add_files,Add files
commit_message,Commit message
commit_and_push,Commit & push
edit_git_repo_delete_file,Delete a file
edit_git_repo_delete_file_subtext,Confirm deletion of this file?
file_deleted,File deleted
error_deleting_file,Error deleting file
error_creating_xml_file,Error creating XML file
success_update_remote_git_repo,Remote git repo successfully updated
error_update_remote_git_repo,Error updating remote git repo
error_downloading_remote_plugin_images,Error downloading remote git plugin's images
error_downloading_remote_script_images,Error downloading remote git script's images
error_downloading_remote_dataset_images,Error downloading remote git dataset's images
error_downloading_remote_vocabulary_images,Error downloading remote git vocabulary's images
import_datasets,Import datasets
export_datasets,Export datasets
import_vocabularies,Import vocabularies
export_vocabularies,Export vocabularies
images,Images
show_all_relationships,Show all relationships
no_tabs_to_display_click_add_tab,This project does not contain any tab. Click on 'Add a tab'.
studies_dataset,Dataset
files,Files
readme,Readme
generate_readme,Generate readme content
error_update_readme,Error update readme
error_generate_readme,Error generating readme
add_all_vocabularies,Add all vocabularies found in files
data_cleaning,Data cleaning
data_cleaning_scripts,Data cleaning scripts
configure_python,Python config
python_path,Python path
test_python_path,Test
failure,Failure
app_data_structure,Data structure
import_export_datasets,Importe / export datasets
display,Display
editor_page,Editor page
plugin_choice,Plugin
code_result,Code result
editor_and_result_side_by_side,Side by side
imported_col,Imported column
required_col,Required column
script_name,Script name
main_script,Main script
projects,Projects
create_project,Create a project
options,Options
test_code,Test
add_folder,Add a new folder
add_file,Add a new file
save_current_file,Save current file
run_plugin_code,Exécuter le code du plugin
invalid_file_extension,Invalid file extension
invalid_filename,Invalid file name
delete_file_title,Delete a file
delete_file_text,Confirm deletion of this file?
delete_plugin_title,Delete a plugin
delete_plugin_text,Confirm deletion of this plugin?
delete_plugin,Delete plugin
delete_vocabulary_title,Delete a vocabulary
delete_vocabulary_text,Confirm deletion of this vocabulary?
configure,Configurer
develop,Développer
discover,Découvrir
app_settings,Application settings
catalog,Catalog
explore,Explore
explore_data,Explore data
configure_project,Configure project
tasks,Tasks
report_results,Report results
delete_widget,Delete widget
choose_a_plugin,Choose a plugin
data_type,Data type
informations,Informations
edit_informations,Edit informations
plugin_no_selected_project,Load a project to get the plugin code working
set_up_project,Set up the project
load_project,Load project
project_added,New project created
show_all_projects,Show all projects
delete_project_title,Delete a project
delete_project_text,Confirm deletion of this project?
project_deleted,Project deleted
share,Share
project_console,Console
delete_dataset_title,Delete a dataset
delete_dataset_text,Confirm deletion of this dataset?
delete_data_cleaning_title,Delete a data cleaning script
delete_data_cleaning_text,Confirm deletion of this script?
dataset_deleted,Dataset deleted
data_cleaning_deleted,Data cleaning script deleted
delete_subset_title,Delete a subset
delete_subset_text,Confirm deletion of this subset?
subset_deleted,Subset deleted
refresh_log,Refresh log
reset_log,Reset log
figure,Figure
shell,Shell
r,R
python,Python
terminal,Terminal
table_output,Table
datatable_output,DataTable
matplotlib,Matplotlib
width,Width
height,Height
dpi,DPI
show_projects,Show projects
manage_datasets,Manage datasets
manage_vocabularies,Manage vocabularies
open_console,Open console
show_plugins,Show plugins
manage_data_cleaning_scripts,Show scripts
show_catalog,Show catalog
open_help,Open help
open_settings,Open settings
projects_widget_text,"Projects enable collaborative work on healthcare data in OMOP format using a customizable graphical interface."
console_widget_text,"Use the console to quickly execute code in R, Python, or shell scripts."
plugins_widget_text,"Plugins are R or Python scripts that add features to LinkR. They are the building blocks of projects, enabling the visualization and analysis of data."
data_cleaning_widget_text,"Organize your data cleaning scripts, which improve the quality of the data you will use in your projects."
explore_widget_text,"Explore the work done by the community, use their work, and share yours!"
help_widget_text,"Access the LinkR online help."
settings_widget_text,"Access LinkR settings (users, database, etc.)."
datasets_widget_text,"Manage your datasets here, which will be imported into projects."
vocabularies_widget_text,"Organize and explore medical concept terminologies here."
synchronize_with_git_repo,Git synchronization
dont_import,Cancel
import_plugin_title,Import a plugin
import_plugin_text,This plugin already exists. Are you sure you want to delete the existing plugin?
import_vocabulary_title,Import a vocabulary
import_vocabulary_text,This vocabulary already exists. Are you sure you want to delete the existing vocabulary?
import_dataset_title,Import a dataset
import_dataset_text,This dataset already exists. Are you sure you want to delete the existing dataset?
import_data_cleaning_title,Import a data cleaning script
import_data_cleaning_text,This script already exists. Are you sure you want to delete the existing script?
import_project_title,Import a project
import_project_text,This project already exists. Are you sure you want to delete the existing project?
import_subset_title,Import a subset
import_subset_text,This subset already exists. Are you sure you want to delete the existing subset?
import_git_repo_title,Import a git repo
import_git_repo_text,This git repo already exists. Are you sure you want to delete the existing git repo?
reload_plugin_code,Reload plugin code
select_concepts,Select concepts
confirm,Confirm
select_a_plugin,Select a plugin
show_content,Show content
no_internet_access,No internet access
show_git_repos_list,Show list (locally saved git repositories)
show_git_repos_map,Show map (catalog of git repositories)
no_elements_to_display,No elements to display
concept_table,Concepts
concept_relationship_table,Concepts mapping
concept_synonym_table,Concepts synonyms
concept_ancestor_table,Concepts hierarchy
drug_strength_table,Drug tables
language_concept_id,Language concept ID
language_concept_name,Language
concept_synonym_name,Synonym name
ancestor_concept_id,Ancestor concept ID
ancestor_concept_name,Ancestor concept name
descendant_concept_id,Descendant concept ID
descendant_concept_name,Descendant concept name
min_levels_of_separation,Min levels of separation
max_levels_of_separation,Max levels of separation
import_concepts_title,Import concepts or vocabularies
message,Message
import_new_vocabularies,Import new vocabularies
import_new_vocabularies_info,"If new vocabularies are present in the imported files, they will be added to app database."
plugin_doesnt_exist_in_git_repo,This plugin does not exist in this git repository
dataset_doesnt_exist_in_git_repo,This dataset does not exist in this git repository
data_cleaning_doesnt_exist_in_git_repo,This data cleaning script does not exist in this git repository
project_doesnt_exist_in_git_repo,This project does not exist in this git repository
plugin_doesnt_exist_locally,This plugin does not exist in local LinkR instance
dataset_doesnt_exist_locally,This dataset does not exist in local LinkR instance
data_cleaning_doesnt_exist_locally,This data cleaning script does not exist in local LinkR instance
project_doesnt_exist_locally,This project does not exist in local LinkR instance
study_doesnt_exist_locally,This project does not exist in local LinkR instance
updated_x_ago,Ago
days,Days
day,Day
hours,Hours
hour,Hour
update_git_element_dataset_title,Update git element
update_git_element_dataset_text,Update git dataset? This will erase and replace actual dataset in the git repository.
delete_git_element_dataset_title,Delete git element
delete_git_element_dataset_text,Delete this dataset from the git repository?
update_git_element_plugin_title,Update git element
update_git_element_plugin_text,Update git plugin? This will erase and replace actual plugin in the git repository.
delete_git_element_plugin_title,Delete git element
delete_git_element_plugin_text,Delete this plugin from the git repository?
update_git_element_data_cleaning_title,Update git element
update_git_element_data_cleaning_text,Update git data cleaning script? This will erase and replace actual data cleaning script in the git repository.
delete_git_element_data_cleaning_title,Delete git element
delete_git_element_data_cleaning_text,Delete this data cleaning script from the git repository?
update_git_element_project_title,Update git element
update_git_element_project_text,Update git project? This will erase and replace actual project in the git repository.
delete_git_element_project_title,Delete git element
delete_git_element_project_text,Delete this project from the git repository?
update_git_element_subset_title,Update git element
update_git_element_subset_text,Update git subset? This will erase and replace actual subset in the git repository.
delete_git_element_subset_title,Delete git element
delete_git_element_subset_text,Delete this subset from the git repository?
update_git_element_vocabulary_title,Update git element
update_git_element_vocabulary_text,Update git vocabulary? This will erase and replace actual vocabulary in the git repository.
delete_git_element_vocabulary_title,Delete git element
delete_git_element_vocabulary_text,Delete this vocabulary from the git repository?
delete_git_repo_title,Delete git repo
delete_git_repo_text,"Delete this git repo? This removes the local link to this git repository, which can always be added again later."
dont_update,Don't update
reload_dataset,Reload dataset
reload_dataset_concepts,Reload dataset concepts
reload_dataset_concepts_title,Reload concepts
reload_dataset_concepts_text,Reload count of current dataset concepts? This operation may take a few minutes.
reload,Reload
dont_reload,Don't load
count_persons_rows,Patients
count_concepts_rows,Rows
add_concept_input,Add
element_git_version_more_recent,Remote git version is newer
element_local_version_more_recent,Local version is newer
minutes,Minutes
minute,Minute
cancel,Cancel
error_downloading_plugin,Error downloading plugin
error_downloading_project,Error downloading project
error_downloading_dataset,Error downloading dataset
error_downloading_data_cleaning,Error downloading data cleaning script
element_git_and_local_versions_are_the_same,Local and remote git versions are the same
reload_git_repo,Reload git
install,Install
install_project,Install project
install_study,Install project
install_plugin,Install plugin
install_data_cleaning_script,Install data cleaning script
install_dataset,Install dataset
local_version_up_to_date,Local version up to date
reload_list,Reload list
error_transforming_cols,Error transforming columns
give_access_to,Give access to
plugin_for,Plugin for
edit_description,Edit description
edit_readme,Edit readme
save_description,Save updates
save_readme,Save updates
cancel_description_updates,Cancel updates
cancel_readme_updates,Cancel updates
backups,Backups
save_settings,Save settings
unselect_all_tables,Unselect all tables
select_all_tables,Select all tables
other_pages,Other pages
error_loading_db_file,Error loading database file
error_restoring_db_old_table_after_import_failure,Error restoring old table after error with database import
update_project_plugins_title,Update project plugins
update_project_plugins_text,Update plugins included in the project? This will erase old versions of local plugins which are not up to date.
occurrences,Occurrences
field_cant_be_empty,This field cannot be empty
git_repo_url_address_already_used,There is already a git repository registered with this URL
push_git_readme_title,Update git readme
delete_element_from_remote_git,Delete element from git
error_removing_git_element,Error removing element from git
edit_user,Edit user profile
delete_user,Delete user
delete_user_status,Delete user status
delete_user_access,Delete user access
delete_user_title,Delete a user
delete_user_text,Confirm deletion of this user?
delete_user_status_title,Delete a user status
delete_user_status_text,Confirm deletion of this user status?
delete_user_access_title,Delete a user access
delete_user_access_text,Confirm deletion of this user access?
cancel_updates,Cancel updates
save_updates,Save updates
login,Login
create_user,Create a new user
create_user_status,Create a new user status
create_user_access,Create a new user access
